class_id,x_min,y_min,x_max,y_max,confidence
1,3430.0,1191.0,4082.0,2458.0,1
2,4400.0,902.0,4995.0,2469.0,1
3,5270.0,870.0,5808.0,2449.0,1
4,6023.0,850.0,6659.0,2416.0,1
5,6990.0,858.0,7780.0,2457.0,1
6,4802.21635746241,2652.6192656354433,5990.37481055496,4019.11109733782,1
9,567.771365052251,488.7033762057878,1915.0076994573956,2188.1583601286175,1
