class_id,x_min,y_min,x_max,y_max,confidence
8,96,458,458,534,0.619773
9,132,485,169,520,0.546523
9,495,121,532,156,0.503406
9,136,665,174,701,0.497655
9,316,123,353,157,0.457329
9,673,123,711,161,0.425225
9,133,303,170,340,0.423367
9,135,123,177,160,0.410675
8,462,86,545,429,0.408954
8,111,632,518,709,0.396046
9,673,664,712,702,0.391007
3,118,108,732,412,0.378973
9,670,303,713,341,0.351535
9,315,659,356,700,0.331946
8,293,96,388,425,0.288146
9,668,482,712,523,0.275709
