class_id,x_min,y_min,x_max,y_max,confidence
8,111,648,452,727,0.716922
9,146,95,186,133,0.522154
8,124,75,439,184,0.429892
9,145,971,185,1011,0.417566
8,105,359,447,434,0.415150
3,123,75,440,763,0.388707
9,386,96,424,133,0.331627
9,141,676,188,717,0.316695
8,110,828,465,978,0.290195
9,386,971,424,1011,0.274686
9,386,382,434,424,0.250004
