class_id,x_min,y_min,x_max,y_max,confidence
9,156,148,199,184,0.447928
9,397,689,435,724,0.440949
9,158,689,194,723,0.380355
9,153,430,193,465,0.360208
3,144,492,448,738,0.324362
3,145,134,454,420,0.274701
8,136,160,498,232,0.259642
8,132,610,463,679,0.259268
8,113,397,428,476,0.250048
